max_leaf_nodes,max_depth,train_score,test_score
6,10,0.9297529176675123,0.9297240079959368
