max_leaf_nodes,max_depth,train_score,test_score
11,15,0.9297781210688815,0.9297121475782271
