max_leaf_nodes,max_depth,train_score,test_score
11,4,0.929772190854532,0.9297002872484355
