max_leaf_nodes,max_depth,train_score,test_score
12,4,0.9297744146828524,0.9296973221330184
