max_leaf_nodes,max_depth,train_score,test_score
13,4,0.9297773797872797,0.9297032523638524
