max_leaf_nodes,max_depth,train_score,test_score
7,4,0.9297588478763668,0.9297151126496853
