max_leaf_nodes,max_depth,train_score,test_score
8,4,0.9297632955357553,0.9297121475342683
