max_leaf_nodes,max_depth,train_score,test_score
9,4,0.9297662606401825,0.9297121475342683
