max_leaf_nodes,max_depth,train_score,test_score
11,5,0.9297773797900272,0.9297032523638524
