max_leaf_nodes,max_depth,train_score,test_score
12,5,0.9297818274494155,0.9297032523638524
