max_leaf_nodes,max_depth,train_score,test_score
13,5,0.9297833100043766,0.9297062174353108
