max_leaf_nodes,max_depth,train_score,test_score
14,5,0.9297870163931531,0.9297121476221861
