max_leaf_nodes,max_depth,train_score,test_score
15,5,0.9297922053286483,0.9297210429684373
