max_leaf_nodes,max_depth,train_score,test_score
7,5,0.9297588478763668,0.9297180777651025
