max_leaf_nodes,max_depth,train_score,test_score
9,5,0.9297677431923962,0.9297151126496853
