max_leaf_nodes,max_depth,train_score,test_score
12,6,0.9297825687282698,0.9297002872923944
