max_leaf_nodes,max_depth,train_score,test_score
13,6,0.9297847925593377,0.9297002872923944
