max_leaf_nodes,max_depth,train_score,test_score
15,7,0.9297959117064348,0.9297002872484352
