max_leaf_nodes,max_depth,train_score,test_score
14,8,0.9297899814948328,0.9296913919461428
