max_leaf_nodes,max_depth,train_score,test_score
10,9,0.9297744146828524,0.9297091824628101
